{"stats":{"minecraft:picked_up":{"minecraft:oak_log":2},"minecraft:custom":{"minecraft:jump":7,"minecraft:time_since_rest":792,"minecraft:leave_game":1,"minecraft:sprint_one_cm":962,"minecraft:play_time":792,"minecraft:time_since_death":792,"minecraft:walk_one_cm":746,"minecraft:sneak_time":1,"minecraft:total_world_time":792,"minecraft:drop":1,"minecraft:fall_one_cm":211,"minecraft:fly_one_cm":574},"minecraft:mined":{"minecraft:oak_log":1},"minecraft:crafted":{"minecraft:crafting_table":1,"minecraft:oak_planks":4},"minecraft:dropped":{"minecraft:oak_log":1}},"DataVersion":3465}